{"xy_sens": 10.2, "targeting_sens": 35.0, "xy_scale": 0.9803921568627452, "targeting_scale": 2.8011204481792715}